Workbook

Sheet Instruções
A1: INSTRUÇÕES DE UTILIZAÇÃO
A3: ESTRUTURA DO FICHEIRO
A4: Folha RSU | B4: Dados de resíduos sólidos urbanos por concelho. Fontes: INE e GPP.
A5: Folha Agropecuário e Florestal | B5: Dados de efluentes pecuários e resíduos florestais. Fontes: APA, SRIR, GPP.
A6: Folha ETAR | B6: Dados das estações de tratamento de águas residuais. Fontes: ERSAR, AdP.
A7: Folha Resumo Consolidado | B7: Agregação automática dos 3 eixos. Não editar manualmente.
A9: COMO ADICIONAR DADOS
A10: 1. | B10: Inserir nova linha antes da linha TOTAL em cada folha.
A11: 2. | B11: Preencher: Código INE, Concelho, NUT II, Lat, Lon e campos de volume.
A12: 3. | B12: As colunas de Potencial (GWh/ano) são calculadas automaticamente por fórmula.
A13: 4. | B13: Campo 'Fonte / Observações': indicar sempre a fonte e o ano dos dados.
A15: CAMPOS CRÍTICOS PARA O AI AGENT
A16: Código INE | B16: Chave primária usada para geocodificação. Formato: 4 dígitos (ex: 1106).
A17: Potencial Biometano GWh/ano | B17: Campo principal alimentado ao dashboard. Verificar sempre a fórmula.
A18: NUT II | B18: Usado para filtros no mapa. Valores aceites: Norte, Centro, AML, Alentejo, Algarve.
A19: Estado Contrato Floene | B19: A adicionar: Prospecção / Em negociação / Contrato assinado / Sem interesse.
A21: FÓRMULAS DE CÁLCULO UTILIZADAS
A22: RSU – Potencial biogás | B22: Fração Orgânica (t/ano) × 120 Nm³/t (fator médio de conversão)
A23: Agropecuário – Potencial biogás | B23: Resíduos Agro (t) × 80 Nm³/t + Resíduos Florestais (t) × 60 Nm³/t
A24: ETAR – Potencial biogás | B24: Lamas produzidas (t MS/ano) × 300 Nm³/t MS
A25: Biometano (GWh/ano) | B25: Biogás (Nm³/ano) × 0,0055 GWh/1000 Nm³ (poder calorífico CH4 ~55%)

Sheet RSU
A1: BASE DE DADOS FEEDSTOCK — Eixo RSU (Resíduos Sólidos Urbanos – Fração Orgânica)
A2: Fontes: INE (Recenseamento Agrícola), GPP (Ministério da Agricultura) | Atualizado: 20/04/2026
A3: Código INE | B3: Concelho | C3: NUT II | D3: Lat | E3: Lon | F3: População (hab) | G3: Resíduos Urbanos (t/ano) | H3: Fração Orgânica (%) | I3: Fração Orgânica (t/ano) | J3: Potencial Biogás (Nm³/ano) | K3: Potencial Biometano GWh/ano | L3: Fonte / Observações
A4: 1106 | B4: Lisboa | C4: AML | D4: 38.7223 | E4: -9.1393 | F4: 544851 | G4: 212000 | H4: 35 | I4: =G4*H4/100 -> 74200 | J4: =I4*120 -> 8904000 | K4: =J4*0.0055/1000 -> 48.972 | L4: INE 2021
A5: 1311 | B5: Porto | C5: Norte | D5: 41.1579 | E5: -8.6291 | F5: 231962 | G5: 95000 | H5: 33 | I5: =G5*H5/100 -> 31350 | J5: =I5*120 -> 3762000 | K5: =J5*0.0055/1000 -> 20.691 | L5: INE 2021
A6: 0601 | B6: Coimbra | C6: Centro | D6: 40.2033 | E6: -8.4103 | F6: 134325 | G6: 55000 | H6: 32 | I6: =G6*H6/100 -> 17600 | J6: =I6*120 -> 2112000 | K6: =J6*0.0055/1000 -> 11.616 | L6: INE 2021
A7: 1801 | B7: Setúbal | C7: AML | D7: 38.5244 | E7: -8.8957 | F7: 89514 | G7: 36000 | H7: 34 | I7: =G7*H7/100 -> 12240 | J7: =I7*120 -> 1468800 | K7: =J7*0.0055/1000 -> 8.0784 | L7: GPP 2022
A8: 0803 | B8: Faro | C8: Algarve | D8: 37.0194 | E8: -7.9322 | F8: 58956 | G8: 24000 | H8: 30 | I8: =G8*H8/100 -> 7200 | J8: =I8*120 -> 864000 | K8: =J8*0.0055/1000 -> 4.752 | L8: INE 2021
A9: TOTAL | F9: =SUM(F4:F8) -> 1059608 | G9: =SUM(G4:G8) -> 422000 | I9: =SUM(I4:I8) -> 142590 | J9: =SUM(J4:J8) -> 17110800 | K9: =SUM(K4:K8) -> 94.1094

Sheet Agropecuário e Florestal
A1: BASE DE DADOS FEEDSTOCK — Eixo Agropecuário e Florestal
A2: Fontes: APA (RARU), Portal SRIR | Atualizado: 20/04/2026
A3: Código INE | B3: Concelho | C3: NUT II | D3: Lat | E3: Lon | F3: Bovinos (cabeças) | G3: Suínos (cabeças) | H3: Aves (cabeças) | I3: Resíduos Agro (t/ano) | J3: Resíduos Florestais (t/ano) | K3: Potencial Biogás (Nm³/ano) | L3: Potencial Biometano GWh/ano | M3: Fonte / Observações
A4: 0601 | B4: Coimbra | C4: Centro | D4: 40.2033 | E4: -8.4103 | F4: 4500 | G4: 12000 | H4: 80000 | I4: 18000 | J4: 5000 | K4: =I4*80+J4*60 -> 1740000 | L4: =K4*0.0055/1000 -> 9.57 | M4: APA RARU 2022
A5: 1407 | B5: Évora | C5: Alentejo | D5: 38.5667 | E5: -7.9 | F5: 9800 | G5: 25000 | H5: 30000 | I5: 35000 | J5: 8000 | K5: =I5*80+J5*60 -> 3280000 | L5: =K5*0.0055/1000 -> 18.04 | M5: APA RARU 2022
A6: 0204 | B6: Barcelos | C6: Norte | D6: 41.5367 | E6: -8.618 | F6: 7200 | G6: 45000 | H6: 120000 | I6: 42000 | J6: 3000 | K6: =I6*80+J6*60 -> 3540000 | L6: =K6*0.0055/1000 -> 19.47 | M6: SRIR 2022
A7: 1504 | B7: Santarém | C7: Centro | D7: 39.2369 | E7: -8.6881 | F7: 6100 | G7: 18000 | H7: 55000 | I7: 26000 | J7: 6500 | K7: =I7*80+J7*60 -> 2470000 | L7: =K7*0.0055/1000 -> 13.585 | M7: GPP 2022
A8: 0209 | B8: Braga | C8: Norte | D8: 41.5518 | E8: -8.4229 | F8: 3200 | G8: 8000 | H8: 90000 | I8: 15000 | J8: 2000 | K8: =I8*80+J8*60 -> 1320000 | L8: =K8*0.0055/1000 -> 7.26 | M8: APA RARU 2022
A9: TOTAL | F9: =SUM(F4:F8) -> 30800 | G9: =SUM(G4:G8) -> 108000 | H9: =SUM(H4:H8) -> 375000 | I9: =SUM(I4:I8) -> 136000 | J9: =SUM(J4:J8) -> 24500 | K9: =SUM(K4:K8) -> 12350000 | L9: =SUM(L4:L8) -> 67.925

Sheet ETAR
A1: BASE DE DADOS FEEDSTOCK — Eixo ETAR (Águas Residuais e Lamas)
A2: Fontes: ERSAR (RASARP), Águas de Portugal (AdP) | Atualizado: 20/04/2026
A3: Código ETAR | B3: Nome ETAR | C3: Concelho | D3: NUT II | E3: Lat | F3: Lon | G3: Caudal (m³/dia) | H3: Lamas Produzidas (t MS/ano) | I3: Lamas c/ Digestão Anaeróbia (t/ano) | J3: Potencial Biogás (Nm³/ano) | K3: Potencial Biometano GWh/ano | L3: Operador / Fonte
A4: ETAR-LX-01 | B4: ETAR Beirolas | C4: Lisboa | D4: AML | E4: 38.7723 | F4: -9.0893 | G4: 180000 | H4: 12000 | I4: 8500 | J4: =H4*300 -> 3600000 | K4: =J4*0.0055/1000 -> 19.8 | L4: Águas de Lisboa
A5: ETAR-PT-01 | B5: ETAR Sul | C5: Porto | D5: Norte | E5: 41.11 | F5: -8.64 | G5: 95000 | H5: 6800 | I5: 5000 | J5: =H5*300 -> 2040000 | K5: =J5*0.0055/1000 -> 11.22 | L5: Águas do Porto
A6: ETAR-CB-01 | B6: ETAR Coimbra | C6: Coimbra | D6: Centro | E6: 40.185 | F6: -8.42 | G6: 55000 | H6: 3500 | I6: 2400 | J6: =H6*300 -> 1050000 | K6: =J6*0.0055/1000 -> 5.775 | L6: AdP – Águas do Centro
A7: ETAR-AV-01 | B7: ETAR Cacia | C7: Aveiro | D7: Centro | E7: 40.69 | F7: -8.57 | G7: 42000 | H7: 2800 | I7: 1900 | J7: =H7*300 -> 840000 | K7: =J7*0.0055/1000 -> 4.62 | L7: Águas do Centro Litoral
A8: ETAR-FA-01 | B8: ETAR Faro/Olhão | C8: Faro | D8: Algarve | E8: 37.015 | F8: -7.9 | G8: 38000 | H8: 2200 | I8: 1400 | J8: =H8*300 -> 660000 | K8: =J8*0.0055/1000 -> 3.63 | L8: ERSAR RASARP 2022
A9: TOTAL | G9: =SUM(G4:G8) -> 410000 | H9: =SUM(H4:H8) -> 27300 | I9: =SUM(I4:I8) -> 19200 | J9: =SUM(J4:J8) -> 8190000 | K9: =SUM(K4:K8) -> 45.045

Sheet Resumo Consolidado
A1: RESUMO CONSOLIDADO — Potencial Biometano por Eixo de Feedstock
A2: Gerado automaticamente a partir das folhas RSU, Agropecuário e ETAR | 20/04/2026
A3: Eixo Feedstock | B3: Fonte de Dados | C3: Nº Concelhos / ETARs | D3: Total Resíduos (t/ano) | E3: Potencial Biogás (Nm³/ano) | F3: Potencial Biometano (GWh/ano) | G3: % do Total
A4: RSU – Fração Orgânica | B4: INE / GPP | C4: =COUNTA(RSU!B4:B1000)-1 -> 4 | D4: =RSU!G9 -> 422000 | E4: =RSU!J9 -> 17110800 | F4: =RSU!K9 -> 94.1094 | G4: =F4/SUM($F$4:$F$6) -> 0.45446046
A5: Agropecuário e Florestal | B5: APA / SRIR / GPP | C5: =COUNTA('Agropecuário e Florestal'!B4:B1000)-1 -> 4 | D5: ='Agropecuário e Florestal'!I9 -> 136000 | E5: ='Agropecuário e Florestal'!K9 -> 12350000 | F5: ='Agropecuário e Florestal'!L9 -> 67.925 | G5: =F5/SUM($F$4:$F$6) -> 0.32801428
A6: ETAR – Águas Residuais e Lamas | B6: ERSAR / AdP | C6: =COUNTA(ETAR!C4:C1000)-1 -> 4 | D6: =ETAR!H9 -> 27300 | E6: =ETAR!J9 -> 8190000 | F6: =ETAR!K9 -> 45.045 | G6: =F6/SUM($F$4:$F$6) -> 0.21752526
A7: TOTAL GERAL | C7: =SUM(C4:C6) -> 12 | D7: =SUM(D4:D6) -> 585300 | E7: =SUM(E4:E6) -> 37650800 | F7: =SUM(F4:F6) -> 207.0794 | G7: =SUM(G4:G6) -> 1
